CZ.Name,State,Racial.Segregation,Income.Segregation,Household.Income.per.capita,Local.Tax.Rate,Local.Government.Expenditures.Per.Capita,Labor.Force.Participation.Rate,Social.Capital.Index,Fraction.Religious
Johnson City,TN,0.0903837,0.0348657,31559.77,0.0203924,1886.148,0.5873474,-0.2978583,0.5144033
Morristown,TN,0.093153,0.0262809,29958.93,0.0234471,2004.337,0.6249742,-0.76735477,0.5438951
Middlesborough,TN,0.0642501,0.0240811,22328.48,0.0153799,1189.82,0.4789631,-1.2702513,0.667806
Knoxville,TN,0.2099943,0.0921036,35884.29,0.0188704,2356.851,0.6148306,-0.22188462,0.601953
Winston-Salem,NC,0.262388,0.0718667,38891.75,0.0179048,1891.45,0.656087,-0.01779596,0.4879375
Martinsville,VA,0.1365256,0.0237311,31264.81,0.0151883,1557.879,0.599393,-0.90281513,0.4544327
Greensboro,NC,0.220065,0.0676532,36581.84,0.0172547,1932.456,0.6659446,-0.51318038,0.433969
North Wilkesboro,NC,0.1140964,0.0118961,31544.06,0.0135954,1661.026,0.617435,-0.19309309,0.5613891
Galax,VA,0.1311975,0.0054097,30683.01,0.0140347,1208.094,0.5936862,-0.80119036,0.430175
Spartanburg,SC,0.1394965,0.0451206,33416.75,0.0181788,2498.805,0.6295308,-1.0008878,0.5960855
Gastonia,NC,0.1336746,0.0380789,33582.14,0.0149102,1996.33,0.6476718,-0.65939772,0.6012372
Charlotte,NC,0.2233193,0.0983462,41423.26,0.0196539,2700.772,0.6960222,-0.48383137,0.4959942
Boone,NC,0.0764024,0.0307025,25952.73,0.0223031,1348.464,0.5886975,0.01234278,0.4884503
Morganton,NC,0.1165366,0.0123042,30725.51,0.0143212,1825.952,0.6100568,-0.23112977,0.5687727
Hickory,NC,0.1340848,0.0375131,36023.97,0.0148791,1917.402,0.6880056,-0.23540835,0.5775316
Franklin,NC,0.044338,0.0106465,37260.51,0.0238556,1433.778,0.5576459,-0.23370455,0.6133167
Sylva,NC,0.3260307,0.016147,28766.82,0.0154114,1581.042,0.6091752,-1.0006839,0.4091195
Asheville,NC,0.1681984,0.0357234,37445.13,0.0177694,2059.415,0.6041282,0.05522191,0.5771922
Andrews,NC,0.050597,0.0077435,33712.03,0.0153418,1931.542,0.5246205,-0.99930048,0.5491027
Bennettsville,SC,0.0765086,0.009886,25531.41,0.0201649,1335.1,0.5744633,-2.4401389,0.4898584
Florence,SC,0.2013288,0.0467402,32610.36,0.021352,1725.847,0.6145274,-1.9584137,0.4357106
Fayetteville,NC,0.1732933,0.0519758,29959.11,0.0160278,2089.798,0.6378469,-2.2102322,0.3774455
Wilmington,NC,0.1547628,0.0638425,35616.59,0.0222326,2143.638,0.6098379,-1.2280171,0.4339928
Wilson,NC,0.1694319,0.0531913,31548.58,0.0168744,2899.386,0.6194996,-1.395195,0.398123
Raleigh,NC,0.15935,0.0987872,40545.81,0.0215574,3146.705,0.6944391,-0.40136127,0.3994598
Henderson,NC,0.0949566,0.0335116,29491.89,0.0164034,2116.281,0.580119,-1.6357095,0.4371643
Goldsboro,NC,0.1132062,0.025556,28924.63,0.0163958,1843.966,0.6173569,-1.6120602,0.394661
Jacksonville,NC,0.1355732,0.049144,29500.39,0.0173889,2523.385,0.6538132,-1.9257765,0.3418605
Virginia Beach,VA,0.1892905,0.1108495,34928.8,0.0283187,2365.744,0.6826952,-0.9496714,0.3457321
Washington,NC,0.1584182,0.0371429,32919.36,0.0253357,2822.53,0.5943025,-1.0656222,0.4662201
South Boston,VA,0.0266242,0.0079589,28197.59,0.0149025,1348.775,0.5362555,-0.65022305,0.4065056
Lynchburg,VA,0.1321962,0.0497411,34416.57,0.0179932,1481.385,0.6256427,-0.18454126,0.5745092
Richmond,VA,0.2567327,0.119407,41886.04,0.0247412,2427.829,0.6707073,0.24893187,0.4328288
Newport News,VA,0.1806059,0.0867617,36027.37,0.0246977,1807.482,0.6483854,-0.63033196,0.366775
Roanoke Rapids,NC,0.1043743,0.0111188,27335.06,0.0187567,2041.272,0.5133925,-0.59563105,0.3638417
Gulfport,MS,0.1811449,0.0355859,31028.05,0.0218591,2072.12,0.61932,-1.6300002,0.5354173
Laurel,MS,0.1379339,0.0154957,26973.97,0.0126145,1817.337,0.5568337,-0.56001584,0.6200573
Hattiesburg,MS,0.2198237,0.0618231,28079.07,0.0147939,2011.35,0.605079,-0.70687008,0.6100292
Kosciusko,MS,0.135331,0.0273335,24121.31,0.0162608,1747.686,0.5068514,-0.8561524,0.4234311
Yazoo City,MS,0.1382499,0.0253652,22600.17,0.0160366,1808.874,0.5030236,-0.35076334,0.4464744
Jackson,MS,0.2884704,0.1001121,33322.4,0.0163019,1604.134,0.6292858,-0.53825894,0.5305657
McComb,MS,0.0830179,0.012882,25123.34,0.012491499999999999,1568.728,0.5237243,-0.6237429,0.6012818
Brookhaven,MS,0.0979419,0.0144857,27070.6,0.017662,1806.206,0.5515882,-0.01731992,0.7188308
Jena,LA,0.1446667,0.0072198,24857.21,0.0158061,2133.66,0.4952319,0.24426404,0.698397
Natchez,MS,0.1936227,0.0395193,27487.76,0.013751,1536.294,0.5190854,-0.37255382,0.5298695
Vicksburg,MS,0.2386226,0.0654824,27080.14,0.0182667,1873.777,0.5663454,-0.66236659,0.4596376
New Orleans,LA,0.3544913,0.1043814,34076.82,0.0306394,2299.473,0.608252,-0.9883344,0.5291672
Houma,LA,0.1769474,0.0398886,28093.63,0.0258443,2349.9,0.5685176,-1.2465638000000001,0.7365431
Baton Rouge,LA,0.2916667,0.0836604,31578.73,0.024,1821.126,0.6184307,-1.167688,0.512549
Alexandria,LA,0.2631163,0.0566732,28236.33,0.0213632,1721.703,0.5476645,-0.96950269,0.6107894
Lake Charles,LA,0.2385457,0.0468194,29461.71,0.0259678,1823.278,0.5899059,-1.3119923,0.599753
Lafayette,LA,0.1936142,0.0591666,28711.97,0.0196679,2106.448,0.5797,-0.99702945,0.8004648
Monroe,LA,0.3196903,0.0701661,29496.26,0.0188054,1532.129,0.5863801,-0.45927952,0.5830163
Lake Providence,LA,0.266238,0.0242997,21037.14,0.0265442,1945.51,0.4774151,-0.42575514,0.6077754
Magnolia,AR,0.0712852,0.0223452,29000.7,0.0109379,1256.467,0.5572163,-0.50375299,0.6178502
Shreveport,LA,0.236987,0.0832982,31564.53,0.0229833,1944.916,0.5958785,-0.75341219,0.5457913
Ruston,LA,0.2065351,0.0400257,24714.89,0.0171584,1398.201,0.553506,-0.93554928,0.5675401
Many,LA,0.1600518,0.0179364,30067.25,0.0185847,1852.557,0.5068581,-1.5564642,0.7088964
Crossett,AR,0.0538631,0.0112534,30092.7,0.0146102,1466.796,0.5609097,-0.18329435,0.7990004
Pine Bluff,AR,0.2375423,0.0459956,27098.61,0.0154404,1369.618,0.5477696,-0.92264574,0.5245298
El Dorado,AR,0.0933336,0.0221457,30514.27,0.0128945,1389.883,0.5621301,-0.21225491,0.6722053
Little Rock,AR,0.2781138,0.0726473,36101.2,0.0166927,1686.617,0.6632895,-0.04735735,0.5768307
Stuttgart,AR,0.1133922,0.0180924,30499.94,0.0134976,1426.595,0.57775,-0.36749741,0.6576636
Searcy,AR,0.1350294,0.0269893,28364.96,0.0116559,1251.84,0.5950115,-0.74224194,0.6104809
London,KY,0.1053509,0.0283786,22044.17,0.0093803,1163.926,0.4922809,-1.4618113,0.5068757
Richmond,KY,0.1052819,0.0506054,25663.87,0.0133128,1205.431,0.5941269,-1.3284847,0.4127615
West Liberty,KY,0.1574551,0.0111309,20801.63,0.0092911,1271.852,0.4234694,-1.2892047,0.2139435
Hazard,KY,0.0957294,0.0139384,20987.14,0.0105937,1263.873,0.4214072,-1.3478979,0.3514446
Campbellsville,KY,0.0670128,0.0103294,26922.56,0.0091337,1624.228,0.5706365,-0.49900086,0.6365532
Somerset,KY,0.0467136,0.0211837,24891.55,0.0121247,1270.797,0.5287137,-1.140307,0.5383406
Greenwood,MS,0.2232873,0.0454371,25756.36,0.0162208,2172.377,0.5468919,-0.76446792,0.4744796
Clarksdale,MS,0.1406819,0.021607,25221.86,0.0155589,1928.174,0.5525163,-0.76081555,0.4444539
Greenville,MS,0.2184724,0.0464035,23168.96,0.0173896,1800.082,0.5338187,-1.0512486,0.3727364
Jackson,TN,0.2231708,0.0647912,31754.46,0.0204128,3443.536,0.6142797,-0.25140455,0.5696638
Dyersburg,TN,0.1602823,0.0181173,26596.63,0.0168424,2161.675,0.5663184,-1.4445395,0.5043579
Lexington,TN,0.0782943,0.0106536,31852.9,0.0128521,1722.025,0.596175,-1.3984995,0.5069958
Tupelo,MS,0.1234066,0.0222542,30736.36,0.012618,1983.721,0.6274781,-0.69414314,0.6441292
Corinth,MS,0.1275759,0.0132364,28904.13,0.0128751,2221.806,0.5740742,-0.76573069,0.6183479
New Albany,MS,0.0877871,0.0108396,27596.21,0.0095283,2149.374,0.5770562,0.04714911,0.7340908
Memphis,TN,0.3596896,0.1374757,37116.07,0.0209017,2868.344,0.654258,-0.70980416,0.4248981
West Memphis,AR,0.1993571,0.0454246,25941.66,0.0145577,1539.684,0.5489974,-1.1953658,0.4759489
Bowling Green,KY,0.1225152,0.0503657,31026.39,0.0134577,1675.292,0.6483966,-0.74686056,0.5277791
Glasgow,KY,0.0709323,0.0195943,27831.47,0.0117206,1389.639,0.5858744,-0.79233194,0.4968937
Columbia,TN,0.1129679,0.0410635,32506.85,0.0177907,2531.746,0.6374894,-1.2475299,0.4717018
Nashville,TN,0.2494789,0.1029113,39832.54,0.0225166,2577.472,0.6889873,-0.39729533,0.4760194
Tullahoma,TN,0.0934113,0.0171915,32902.6,0.0162003,1833.551,0.627489,-0.71524742,0.5234745
Dickson,TN,0.0833239,0.020736,31373.98,0.0166566,2132.371,0.6034202,-0.84479362,0.5395841
Clarksville,TN,0.1333275,0.0561459,28961.91,0.016344,1702.63,0.6727977,-1.8281626,0.4802368
Huntsville,AL,0.2253229,0.0889056,37729.73,0.0145424,2946.813,0.647024,-1.0291858,0.5588424
Gadsden,AL,0.2651467,0.0310089,30841.69,0.0138159,1756.967,0.596471,-1.0239497,0.6204599
Florence,AL,0.195868,0.037123,31580.87,0.0133791,2708.267,0.5749623,-0.83364838,0.6086879
McMinnville,TN,0.0635268,0.0110214,29411.43,0.0144341,1878.804,0.6139053,-1.4120484,0.5412708
Cookeville,TN,0.083495,0.0276881,28510.27,0.0165271,1838.909,0.6036718,-1.3262552,0.5039446
Chattanooga,TN,0.3354933,0.0751186,35727.89,0.0170621,2821.395,0.6356791,-0.40881035,0.518442
Crossville,TN,0.0760119,0.0221304,29332.51,0.0193378,1364.514,0.5451012,-1.023776,0.4337966
Ellijay,GA,0.1101119,0.008562,31235.46,0.0184406,1555.961,0.5676944,-1.1899604,0.5177094
Cleveland,TN,0.0746073,0.0356632,30498.56,0.0166462,2213.473,0.611321,-0.64316472,0.6272104
Rome,GA,0.181216,0.033903,31876.89,0.0246539,2609.598,0.63419,-1.6828302,0.5244654
Tampa,FL,0.2317798,0.0802947,42194.87,0.0216414,2379.856,0.5921527,-1.0401171,0.3786031
Lakeland,FL,0.1712883,0.0534333,36101.73,0.0163567,2264.725,0.5555338,-1.7296807,0.4220297
Sarasota,FL,0.2138762,0.0670332,52946.79,0.0184313,2477.75,0.5041241,-0.53302715,0.4032456
Miami,FL,0.330481,0.1052385,38110.36,0.0274785,3154.639,0.597902,-2.1414285,0.4197457
Port St. Lucie,FL,0.2479631,0.1024742,55175.25,0.0268987,2839.394,0.5489249,-1.4330216,0.5158997
Cape Coral,FL,0.2634515,0.0784028,55874.96,0.0246571,3061.406,0.5313566,-1.240414,0.3771865
Palm Bay,FL,0.143526,0.0705573,45263.89,0.0199416,2411.98,0.5610914,-0.79930828,0.4139588
Orlando,FL,0.1811229,0.0829128,38369.94,0.0264076,2579.061,0.6461213,-1.7556758,0.3795092
Deltona,FL,0.1955437,0.0484383,38458.95,0.0254464,2775.305,0.5407081,-1.3901051,0.3735358
Jacksonville,FL,0.2227334,0.0880861,38502.16,0.0209265,3180.138,0.6667396,-1.4407076,0.4268222
Lake City,FL,0.1176934,0.0142915,25561.31,0.0197449,2370.31,0.5240371,-1.7738245,0.4113431
Ocala,FL,0.1577735,0.0258673,38730.55,0.0172009,1968.815,0.4693877,-1.8314371,0.3496596
Gainesville,FL,0.1373239,0.1009689,28320.61,0.0204614,2672.017,0.5853512,-1.4940711,0.3535208
Sumter,SC,0.133779,0.0521532,29459.13,0.0155372,1517.52,0.6074238,-1.853765,0.4161466
Columbia,SC,0.2151059,0.0875351,34438.09,0.0175608,2148.133,0.6583559,-0.92498754,0.4454176
Barnwell,SC,0.0836573,0.0112802,25543.54,0.0194392,1582.822,0.5255937,-1.6793021,0.4428389
Charleston,SC,0.1568738,0.0815968,34600.54,0.0204753,1796.413,0.6390142,-2.1111986,0.3958474
Greenville,SC,0.1761965,0.0659862,35224.83,0.0139532,1579.557,0.6411304,-1.1079467,0.5582612
Aiken,GA,0.1649667,0.0895191,33294.11,0.0198237,1911.106,0.6226506,-1.3730812,0.4319986
Washington,GA,0.0213827,0.0189149,35154.56,0.0205301,2174.253,0.5514991,-0.77276253,0.4364266
Fitzgerald,GA,0.0820122,0.0160071,27671.02,0.019311,2990.52,0.586566,-1.6488639,0.5326646
Cordele,GA,0.047384,0.0102511,26102.8,0.0243451,2474.377,0.5398589,-1.6044506,0.4833009
Valdosta,GA,0.168887,0.0495914,27877.83,0.020088,2160.575,0.6223087,-1.9306962,0.4812156
Waycross,GA,0.1131877,0.029115,26638.61,0.0199344,2426.453,0.573743,-2.1025852,0.5022542
Brunswick,GA,0.2114739,0.07637,36807.36,0.0272389,2469.194,0.6297429,-1.6553398,0.4633077
Hinesville,GA,0.0762284,0.0196923,23377.99,0.0219816,1453.888,0.6180904,-3.1989926,0.3552358
Statesboro,GA,0.0553738,0.0434177,26438.81,0.0190057,2079.772,0.58571,-2.2435024,0.4035439
Savannah,GA,0.243207,0.0987008,39851.36,0.0281454,2223.651,0.6284901,-1.7031987,0.4069671
Macon,GA,0.1934302,0.0906247,33835.64,0.019706,2499.876,0.6217625,-1.0702973,0.4434849
Vidalia,GA,0.0798559,0.0095247,26103.74,0.0221066,1836.796,0.5587672,-1.6489336,0.5876169
Milledgeville,GA,0.1219871,0.0339348,27862.41,0.0252586,2058.748,0.5234662,-1.9085844,0.2765011
Dublin,GA,0.1116823,0.0397581,29574.87,0.0207221,1910.928,0.5690293,-1.1503262,0.5013269
Atlanta,GA,0.3165451,0.1125313,44161.72,0.027579,2884.702,0.7091578,-1.2080198,0.4427466
Griffin,GA,0.1317338,0.0390527,30887.58,0.019729,1694.759,0.6005229,-1.4599294,0.5329446
Winder,GA,0.1660594,0.0885969,30684.81,0.0257548,2155.105,0.6643721,-1.440353,0.3518422
Toccoa,GA,0.0882064,0.0124161,29484.41,0.0194853,1784.989,0.6023043,-1.0015558,0.6303179
Gainesville,GA,0.1996357,0.0298511,33365.47,0.0218302,1620.37,0.646148,-1.5447534,0.4393055
Talladega,AL,0.1158112,0.0178536,29631.04,0.0113239,1781.119,0.5525004,-1.4439875,0.5278917
LaGrange,GA,0.1539657,0.061712500000000003,32719.94,0.0168205,1864.342,0.6207002,-1.4612525,0.5204385
Columbus,GA,0.2346356,0.1083153,31244.75,0.0180437,1549.937,0.6350322,-2.0782984,0.4497886
Americus,GA,0.0737225,0.0139043,27083.44,0.0204767,1975.71,0.5746075,-1.5821823,0.3897396
Auburn,AL,0.2766187,0.104949,27283.36,0.0141458,2966.739,0.5807051,-2.1303204,0.3109117
Tallahassee,FL,0.1622434,0.1220295,30838.16,0.0185079,3203.655,0.6210454,-0.95994038,0.372652
Panama City,FL,0.1316176,0.0459258,32714.85,0.0219149,3106.927,0.5932989,-2.0444837,0.4110749
Bainbridge,GA,0.081653,0.0155476,29033.66,0.0190306,1876.229,0.5765438,-2.1094003,0.4813603
Thomasville,GA,0.0982313,0.0200287,29591.39,0.0181214,2160.314,0.5959775,-1.7502473,0.5380144
Albany,GA,0.2424386,0.0912544,30170.39,0.0230106,2728.485,0.5968862,-1.2236323,0.398344
Eufaula,GA,0.040798,0.0196611,25283.51,0.0179438,1930.548,0.4965335,-1.4482026,0.4157962
Dothan,AL,0.1423923,0.0499653,32267.8,0.0112736,2187.233,0.6078667,-1.4002219,0.6318374
Meridian,MS,0.2159236,0.0525407,29016.2,0.0137252,1496.201,0.5772298,-0.38628795,0.6419273
Columbus,MS,0.1335201,0.0463009,29114.52,0.0115733,2064.528,0.5760617,-0.96563707,0.5235741
Starkville,MS,0.0770376,0.015068,26131.43,0.0120314,1979.18,0.5830976,-0.42722813,0.544708
Jasper,AL,0.1227738,0.0128747,28444.61,0.00978,1311.662,0.551458,-0.79674159,0.6112962
Birmingham,AL,0.4199312,0.1078153,38196.07,0.0201015,1864.47,0.6235606,-0.39247219,0.5796016
Tuscaloosa,AL,0.2715116,0.0875914,30158.42,0.0133744,1978.672,0.5711049,-1.1244627,0.4750414
Demopolis,AL,0.1134237,0.0260609,27364.34,0.0102367,1603.509,0.4967187,-0.73122918,0.4055477
Pensacola,FL,0.1376917,0.0606249,34256.17,0.01588,1995.327,0.6134403,-1.2160379,0.4439023
Mobile,AL,0.3169352,0.0767924,33321.26,0.0176551,1804.579,0.5872476,-0.98436417,0.5148205
Atmore,AL,0.1337755,0.0218889,27014.97,0.0097054,1418.738,0.5280119,-1.1858233,0.5081519
Montgomery,AL,0.2645651,0.1017572,33533.47,0.0153422,1662.867,0.6047082,-0.71283374,0.4968159
Troy,AL,0.1288224,0.0160032,28445.04,0.0102356,2188.063,0.5718287,-1.275069,0.6058887
Bluefield,VA,0.1323127,0.0183968,27293.57,0.0174636,1709.23,0.5088405,-0.43403487,0.3898683
Welch,WV,0.2316198,0.0191379,22243.97,0.0121275,1210.719,0.3641079,-1.4954013,0.2768068
Big Stone Gap,VA,0.068318,0.0114586,25086.34,0.0247141,1691.154,0.4766287,-0.66217605,0.4170406
Fredericksburg,VA,0.0506488,0.0531804,41265.92,0.0227002,1840.221,0.7236366,-1.1454507,0.4155341
Baltimore,MD,0.3562437,0.13039,44194.33,0.025064,2088.159,0.6634855,-0.0808119,0.4424452
Colonial Beach,VA,0.0459143,0.0093083,39561.48,0.0161093,1583.198,0.5286176,0.9700109,0.4365205
Washington DC,DC,0.2713125,0.1273134,53705.7,0.0368177,3565.878,0.7136483,-0.74805624,0.4605464
Marquette,MI,0.088316,0.0372097,32535.28,0.0245232,2235.952,0.602839,0.69731713,0.6328382
Marinette,MI,0.0514404,0.0151868,34016.26,0.0258122,2298.926,0.6055371,1.0646103,0.6822512
Sault Ste. Marie,MI,0.1159541,0.0147579,26896.28,0.0296589,2279.324,0.5354053,-0.00983226,0.3522518
Jackson,MI,0.2098882,0.0513102,36187.98,0.0215603,1937.266,0.6338816,-0.01407002,0.3498366
Detroit,MI,0.4741935,0.1198831,44744.51,0.028691,2629.441,0.6460731,-0.26304618,0.4082595
Lansing,MI,0.1636047,0.0801454,37719.36,0.0291342,2772.669,0.6893513,1.0481735,0.3754623
Mount Pleasant,MI,0.1060235,0.0349599,27945.19,0.0248127,1879.51,0.6015661,-0.16391023,0.2819239
Saginaw,MI,0.3249172,0.0561162,36937.96,0.0262146,2118.32,0.6131753,0.54395937,0.5037183
Big Rapids,MI,0.1194036,0.021838,30109.23,0.029329,1750.918,0.6028371,0.06802771,0.3258445
Ludington,MI,0.063437,0.0198812,33399.83,0.0345051,2207.448,0.5890107,1.0413504,0.4469612
Kalamazoo,MI,0.1834902,0.0635368,36930.98,0.0249936,2148.948,0.6668507,0.29167047,0.3250197
Grand Rapids,MI,0.2562207,0.0657615,37482.85,0.0261067,2328.323,0.6821728,0.50531028,0.4688662
Traverse City,MI,0.036123,0.0336644,39702.8,0.0336502,2555.172,0.6542373,0.89950873,0.3795807
Petoskey,MI,0.0214668,0.0305692,37710.97,0.0379696,2362.943,0.6325046,0.93272659,0.4160643
Alpena,MI,0.0188376,0.011943,34474.02,0.028069,2343.735,0.5299772,0.71523398,0.5718599
Grayling charter,MI,0.0367729,0.026983300000000002,34359.56,0.0342864,1681.342,0.5317361,0.60620541,0.3506957
Dayton,OH,0.3554391,0.0795336,39001.59,0.0245251,2162.106,0.6532528,0.4750951,0.3981903
Washington Court House,OH,0.0664012,0.0190869,32902.86,0.0185791,1849.699,0.6535788,0.21009511,0.3175028
Wayne,IN,0.1195277,0.0383036,34114.91,0.0219598,2148.263,0.6428118,0.88697241,0.4167099
Cincinnati,OH,0.3488255,0.1101949,42062.96,0.0237272,2174.133,0.6667255,0.38815125,0.4439932
Maysville,KY,0.1236606,0.0265816,27372.05,0.0131548,1613.37,0.5852117,-0.16230177,0.5234786
Washington,IN,0.0478078,0.038976,35834.52,0.0161566,1944.166,0.6786573,0.35951508,0.5346724
Lexington-Fayette,KY,0.1701666,0.0824006,36577.01,0.0190519,1527.216,0.677303,0.30444061,0.5138601
Mount Sterling,KY,0.0767791,0.0196472,28067.29,0.0103067,1229.728,0.571108,-1.1319461,0.3417092
Danville,KY,0.0895608,0.0274757,30745.68,0.0124542,1239.017,0.6034337,-0.02643317,0.6926743
Elizabethtown,KY,0.156021,0.0265377,29945.48,0.0106804,1516.747,0.6392822,-1.308679,0.526351
Louisville,KY,0.3111657,0.1037037,39192.27,0.0192285,1833.107,0.6600483,0.38779515,0.5286005
Madison,IN,0.0324514,0.0115471,31204.81,0.0178016,2190.31,0.6438226,0.46170848,0.5039312
Bardstown,KY,0.092382,0.0217714,30725.82,0.011346,1284.396,0.6279865,0.47548634,0.7678703
Owensboro,KY,0.1172062,0.0493031,31538.42,0.0130853,2194.299,0.602312,0.47339043,0.697889
Findlay,OH,0.0888933,0.032108,34868.53,0.0202733,1698.646,0.6664443,1.1056925,0.5230007
Lima,OH,0.2516574,0.0477593,35091.95,0.019917,1858.676,0.651948,1.4140219,0.6293449
Toledo,OH,0.2903748,0.0783884,38616.42,0.0287353,2127.781,0.6594473,0.44224635,0.5125542
Defiance,OH,0.0807299,0.015488,35188.03,0.0204248,1798.479,0.6787722,0.92943072,0.5196755
South Bend,IN,0.2641505,0.0668398,36189.45,0.0201305,1861.855,0.6488307,0.06477343,0.4236395
Concord,IN,0.1761856,0.0270606,35487.25,0.0211703,2052.246,0.6864903,-0.0433257,0.3599859
Wayne,IN,0.0561148,0.0199301,35790.42,0.0208889,2006.887,0.6785238,0.55571606,0.4035189
Center,IN,0.1501622,0.0455711,37701.09,0.0203122,2568.759,0.6319215,0.8540992,0.4477921
Muncie,IN,0.2160865,0.0618862,34883.79,0.0185724,1857.961,0.6207673,0.65380454,0.3519581
Fort Wayne,IN,0.2896599,0.0751769,38528.86,0.017984,1813.625,0.7007153,0.90122138,0.4862167
Indianapolis,IN,0.332802,0.1066178,42510.4,0.0228262,2518.619,0.6990142,0.68993056,0.4084397
Columbus,IN,0.0769708,0.0484698,35466.15,0.020324,2589.884,0.6712245,0.53503453,0.4997612
Terre Haute,IN,0.1548212,0.0421891,31381.55,0.0202231,1875.188,0.6103229,0.61133932,0.3660477
Lafayette,IN,0.2091898,0.0721744,32344.94,0.0198862,1719.245,0.643731,0.4349827,0.3928171
Bloomington,IN,0.1052984,0.0632553,30524.54,0.018237,1619.914,0.6341908,0.04287763,0.4022241
Evansville,IN,0.2101122,0.0698304,36908.45,0.0213866,2022.29,0.6672253,1.290116,0.5089731
Olney,IL,0.0157214,0.0146803,31874.81,0.013068,2253.758,0.6029137,1.5623342,0.6256425
Vincennes,IN,0.0611815,0.0337718,30101.04,0.0136808,2268.44,0.6271399,0.68689902,0.4952292
Gary,IN,0.443826,0.0803924,38097.23,0.0236861,2257.898,0.636884,-0.22890655,0.4389937
Canton,OH,0.1980847,0.0538796,35700.41,0.0212141,1768.411,0.6417098,0.97667859,0.4930871
Lorain,OH,0.2069804,0.0635181,38660.34,0.0250772,2043.512,0.6483143,0.6989853,0.4781096
Cleveland,OH,0.4462685,0.1147665,42208.22,0.0314587,2676.955,0.647639,0.45513323,0.5176522
Parkersburg,WV,0.0437661,0.0280329,32372.13,0.0170217,1826.205,0.5823193,0.33269562,0.3984392
Zanesville,OH,0.114728,0.0274137,30313.43,0.0186382,1635.125,0.6027536,0.5759019,0.3532827
Steubenville,OH,0.1835821,0.0301017,32010.13,0.0199041,1512.31,0.5463287,0.89263907,0.4477229
Wheeling,WV,0.1510267,0.0353017,31110.62,0.0171605,1663.79,0.5461011,0.79005949,0.509602
Scioto,OH,0.1600395,0.0268342,28948.98,0.0187142,1577.465,0.5453815,0.10478252,0.2531704
Athens,OH,0.0579739,0.0303939,24643.12,0.0241015,1710.308,0.5494248,-0.3280824,0.250736
Columbus,OH,0.2687649,0.1215471,40285.63,0.0292346,2301.418,0.6924927,0.60977623,0.3634748
Mansfield,OH,0.2310767,0.0409369,33186.45,0.0221188,1713.348,0.6220666,0.99169705,0.3951457
State College,PA,0.194962,0.05499,28923.48,0.0199611,1366.915,0.5824722,0.29463663,0.4639604
Altoona,PA,0.1627638,0.0380664,30391.74,0.0178091,1549.563,0.5697566,0.938268,0.6495098
Pittsburgh,PA,0.3232418,0.0805845,38685.65,0.0254934,2244.079,0.5990268,0.60375227,0.6508017
Youngstown,OH,0.3382691,0.059949,34807.59,0.0187172,1645.264,0.5891926,0.9058101,0.5485191
Erie,PA,0.2104349,0.0496277,31989.46,0.0240697,2011.188,0.6105242,0.69414469,0.5207905
Roanoke,VA,0.2251579,0.0656965,34410.96,0.021773,1631.559,0.620333,-0.19588271,0.4580525
Elkins,WV,0.049625,0.0091137,26301.58,0.0092047,1400.296,0.5392085,-0.34239847,0.357054
Morgantown,WV,0.107982,0.0518519,28593.01,0.0150826,1640.689,0.5642387,0.37172124,0.3700979
Buckhannon,WV,0.0415948,0.0112795,25061.54,0.0138345,1220.853,0.5320786,-0.14107893,0.3116336
Beckley,WV,0.1211147,0.0147877,28130.66,0.0117973,1316.731,0.4903539,-0.86198705,0.3029825
Summersville,WV,0.0430547,0.0105592,25661.77,0.0122963,1483.196,0.486349,-0.59301886,0.3220508
Charleston,WV,0.1770377,0.056624,34109.07,0.0159109,1531.505,0.5533842,-0.08654556,0.2999352
Spencer,WV,0.0111671,0.007175,23337.15,0.0109537,1333.449,0.4908824,-0.6506807,0.2467865
Pikeville,KY,0.1030935,0.0167024,23076.34,0.0112204,1240.166,0.435328,-1.3470018,0.3309307
Huntington,KY,0.1435316,0.042505,29100.75,0.0137505,1448.407,0.5412908,-0.40364815,0.3704658
Harrisonburg,VA,0.1073524,0.0340302,31024.63,0.018449,1501,0.6414608,-0.3850533,0.4653146
Staunton,VA,0.0792714,0.0305326,34674.18,0.020434,1464.708,0.6070958,-0.19975061,0.4918461
Hagerstown,PA,0.1643108,0.0353867,34828.66,0.0156519,1511.904,0.6329535,-0.25633191,0.3907303
Cumberland,MD,0.149041,0.0237114,29146.75,0.0176922,1839.529,0.566462,0.03805874,0.4906624
Winchester,VA,0.1004681,0.0417445,36886.55,0.0198247,1800.507,0.6689183,-0.87490886,0.3907859
Charlottesville,VA,0.0956682,0.0600174,37998.85,0.0224802,1882.208,0.6256939,-0.48403081,0.3651555
Syracuse,NY,0.2528398,0.0855179,35777.75,0.0361376,3043.899,0.6294561,0.35302766,0.4841229
Oneonta,NY,0.0534707,0.0116563,31398.21,0.0370645,2714.494,0.6103361,0.10179942,0.3771194
Union,NY,0.1197632,0.062878,35191.77,0.0314784,2369.864,0.6152779,0.50478307,0.4931321
Buffalo,NY,0.3418774,0.0984246,38617.59,0.0367367,3031.035,0.6394833,0.3936702,0.607294
Elmira,NY,0.1575515,0.0476172,32547.64,0.032719,2589.948,0.6148022,0.49973988,0.39649
Olean,NY,0.1434238,0.0159131,29823.36,0.0315443,2565.948,0.6111846,-0.13521336,0.4180083
St. Marys,PA,0.0248723,0.0157666,34878.12,0.020309,1510.309,0.6252366,1.1450123,0.7800224
Watertown,NY,0.1469816,0.0216262,27435.67,0.0353006,2903.914,0.6011876,-0.21307319,0.4723259
Plattsburgh,NY,0.2848686,0.0251768,28561.14,0.0410552,2871.809,0.5730237,-0.21006702,0.6345575
Amsterdam,NY,0.1301448,0.0266189,32623.87,0.0376573,2987.698,0.5952145,0.68253564,0.5702433
Albany,NY,0.2013209,0.0772963,40297.64,0.0336389,2766.869,0.6491102,0.6017971,0.5254501
Sunbury,PA,0.1689581,0.042764,30862.78,0.0165349,1425.535,0.5717438,0.6921824,0.5208896
Scranton,PA,0.13077540000000001,0.0441608,35124.57,0.0228433,1567.899,0.5977482,0.11783883,0.5571665
Williamsport,PA,0.1621834,0.0308596,31689.08,0.021039,1847.979,0.6056295,0.27868902,0.4493367
Allentown,PA,0.2135316,0.0815499,39894.28,0.0234507,2216.539,0.6331193,0.44801362,0.6257763
Reading,PA,0.2620462,0.0659657,38216.59,0.0205411,1807.47,0.6504018,0.54829909,0.5377095
Harrisburg,PA,0.2783363,0.0600823,38699.05,0.0208456,1908.882,0.6610023,0.68300004,0.4879934
Poughkeepsie,NY,0.1424096,0.069612,39706.93,0.0389619,3085.28,0.6368669,-0.75913548,0.57382
New York,NY,0.3818716,0.1316572,45508.88,0.0352155,3483.144,0.5977365,-1.1078584,0.6345512
Toms River,NJ,0.1984975,0.1091799,54035.78,0.0310056,2632.403,0.6141292,-0.56021761,0.6138932
Newark,NJ,0.3231924,0.1175982,51373.32,0.0311717,2781.92,0.6464201,-0.46621038,0.6110985
Philadelphia,PA,0.3758175,0.1223899,43745.57,0.0293252,2876.807,0.6358609,0.06833289,0.5612089
Wilmington,DE,0.2158225,0.0914311,44620.45,0.0129238,1737.288,0.6818957,0.1112012,0.4345463
Dover,DE,0.1305031,0.0300176,36397.88,0.0169205,1964.577,0.6214253,-0.7570085,0.3675652
Easton,MD,0.1108221,0.0559163,43805.41,0.0186309,1701.766,0.6473249,-0.47635197,0.4301186
Chincoteague,VA,0.0843877,0.0073812,31561.68,0.019786,1947.413,0.5856895,-0.45309965,0.3394684
Bangor,ME,0.065119,0.0279642,32900.38,0.0265893,1720.058,0.6353579,0.39184313,0.2922203
Calais,ME,0.1958624,0.0079454,26504.86,0.0242305,1528.889,0.5697261,-0.72341027,0.2586253
Presque Isle,ME,0.057003,0.0084352,27951.67,0.0233266,1769.405,0.5859588,-0.66095397,0.6084422
Portland,ME,0.0523065,0.0537745,37252.09,0.0272254,1931.044,0.6641631,0.33447149,0.3651064
Burlington,VT,0.0444371,0.0621495,37131.2,0.0302063,1865.589,0.7061405,0.45119355,0.4220923
Berlin,VT,0.0175556,0.014152,31203.67,0.031605,1842.063,0.6403609,0.50907756,0.4877183
Claremont,VT,0.0409312,0.0295862,38571.1,0.0374284,1939.671,0.68014,1.0262942,0.3321373
Providence,RI,0.2300731,0.0894737,39543.27,0.0249543,1878.804,0.6498393,-0.3892911,0.6228382
Nantucket,MA,0.0354648,0.0099844,49650.89,0.0698266,4867.931,0.7396805,7.3054497,0.3832983
Oak Bluffs,MA,0.0159451,0.008261,48058.84,0.0539657,3751.783,0.6820654,4.9939186,0.8596117
Boston,MA,0.2640431,0.0925692,49444.61,0.0228757,2474.746,0.6651028,0.29760735,0.6519302
Manchester,NH,0.0796084,0.0719669,43529.74,0.0335106,1804.27,0.7077018,-0.26219088,0.4847464
Keene,NH,0.0236559,0.0249812,37048.11,0.0420323,1855.974,0.6933247,0.68424623,0.2925255
Springfield,MA,0.2948173,0.0792939,36670.92,0.0184174,2419.603,0.647309,0.23488475,0.5858291
Bridgeport,CT,0.2685782,0.1167915,53281.22,0.0264855,2475.889,0.6655764,0.49268886,0.5787885
Pittsfield,MA,0.0672207,0.0524906,41091.46,0.0220342,1669.269,0.6416807,0.9507478,0.6236224
Ashland,WI,0.2356286,0.0108814,32218.23,0.026773,2724.796,0.6324599,1.5249879,0.5828809
Houghton,MI,0.1244727,0.0155903,26975.07,0.020334,2240.083,0.5625314,0.45956549,0.5021142
Ironwood,MI,0.1586509,0.0124119,32111.43,0.0248644,3036.238,0.5340362,1.0865314,0.5518425
Rhinelander,WI,0.197612,0.0133497,37114.96,0.038219,2511.64,0.5971686,1.9278727,0.5931036
Rice Lake,WI,0.1852208,0.0072649,33974.12,0.0282606,2679.167,0.6386586,1.5421291,0.5675801
Amery,WI,0.065718,0.0212583,36391.74,0.0257457,2603.569,0.6490991,1.5715984,0.5223975
Hutchinson,MN,0.0691068,0.0111413,37752.68,0.0153746,3364.073,0.7070292,1.705826,0.7914209
Redwood Falls,MN,0.0984333,0.0054178,37684.59,0.0205922,2928.05,0.6531223,2.8298357,0.8735906
Mankato,MN,0.1130826,0.0324662,34778.21,0.0192121,2662.663,0.7172259,2.0039698,0.700597
Owatonna,MN,0.085439,0.0249193,35163.88,0.0179295,2861.936,0.7048361,1.7098401,0.7262062
St. Cloud,MN,0.093829,0.0563293,35324.11,0.0229847,2480.421,0.7320303,0.71661643,0.6107091
Minneapolis,MN,0.1929339,0.1036992,47070.54,0.0258791,3365.125,0.7428989,1.3476059,0.5685719
Pine City,MN,0.098513,0.0082288,32879.55,0.0204856,2762.109,0.634527,0.99551425,0.4739681
Brainerd,MN,0.2257018,0.0208223,35545.12,0.0280628,3062.324,0.6024498,1.6983405,0.5995393
Rochester,MN,0.1122322,0.0611947,42380.02,0.0211293,3283.592,0.7235764,2.0626621,0.7084595
Austin,MN,0.0880104,0.0341543,38505.48,0.0172089,4542.409,0.644049,2.5408873,0.7579755
Mason City,IA,0.0315983,0.0155588,36400.09,0.0256915,2124.126,0.6723269,2.1267687,0.724261
Decorah,IA,0.0473618,0.0068983,34000.45,0.0257652,2420.284,0.6614171,2.055236,0.8640984
Marshalltown,IA,0.1743765,0.0256116,35247.22,0.0224222,2079.956,0.6576114,1.5777091,0.5340438
Waterloo,IA,0.2643205,0.0405165,34719.84,0.0243905,2231.058,0.659899,1.3460914,0.6649168
Iowa Falls,IA,0.0833904,0.0092488,36421.74,0.0255123,2495.239,0.6408638,2.4344953,0.7287912
Iowa City,IA,0.1354909,0.0726878,35558.45,0.0228123,2221.482,0.7124968,0.85854897,0.4315938
Cedar Rapids,IA,0.0822505,0.0561853,40329.62,0.0228585,2109.154,0.7121123,1.2409976,0.5802627
Ottumwa,IA,0.0547726,0.0302442,33871.12,0.0224981,2149.247,0.6461334,1.371658,0.4783509
Sheboygan,WI,0.1190754,0.0423341,39237.82,0.0223849,2599.876,0.6955497,1.5826977,0.7616003
Oshkosh,WI,0.092149,0.044753,38576.42,0.0232083,2261.712,0.7019706,1.2280883,0.6968822
Green Bay,WI,0.1525855,0.0667187,38561.1,0.0246566,2718.581,0.7069426,1.2089043,0.719745
Shawano,WI,0.3822947,0.0183443,33696.27,0.021445,2474.815,0.6386245,0.65029158,0.7183549
Wausau,WI,0.0984122,0.0388042,36499.36,0.0233057,2411.395,0.6895964,1.0484085,0.6887423
Eau Claire,WI,0.0863313,0.0326742,33090.16,0.0227733,2423.977,0.6936948,1.2436637,0.5968943
La Crosse,WI,0.0785908,0.0488456,34418.77,0.0245358,2391.71,0.6858228,1.1048076,0.6408052
Monroe,WI,0.062934,0.0184492,33581.5,0.022923,2527.67,0.6854118,0.79893111000000006,0.6759158
Madison,WI,0.1404739,0.0902726,40575.91,0.0292688,2839.408,0.7331389,1.8600775,0.5463263
Dubuque,IA,0.0912536,0.0345778,36442.94,0.0222455,1772.982,0.6872135,1.1469508,0.8133391
Charleston,IL,0.0712297,0.0337012,31206.15,0.017325,1502.515,0.6304702,0.60876763,0.4560552
Douglas,IL,0.2227862,0.0184171,31741.05,0.0142455,1491.321,0.6253929,1.2229346,0.6207718
Bloomington,IL,0.0980767,0.0709056,37176.96,0.0257737,1666.259,0.6998457,0.56524237,0.4787467
Decatur,IL,0.2296642,0.0988897,34871.42,0.0214758,1606.799,0.6574867,0.51057821,0.4765431
Burlington,IA,0.0915095,0.0257306,35038.39,0.0224139,1881.361,0.6454552,1.3679848,0.5027218
Galesburg,IL,0.1756904,0.0378714,30826.82,0.0192338,1783.664,0.61048,0.75093098,0.399097
Davenport,IL,0.1640595,0.0576712,37759.3,0.0210327,1921.246,0.6644835,0.73504655,0.507722
Clinton,IA,0.0748086,0.0262386,34145.69,0.0227613,2138.78,0.663385,1.1079552,0.5932146
Peoria,IL,0.27005440000000003,0.0569548,38841.65,0.0181331,1715.281,0.6390901,0.94565293,0.5203312
Kenosha,WI,0.1770711,0.0509406,39333.24,0.0245263,2515.092,0.687807,0.65257462,0.5300612
Milwaukee,WI,0.4359436,0.11467720000000001,42464.4,0.0267654,2977.356,0.6825345,1.1211717,0.5614024
Bourbonnais,IL,0.337072,0.0452474,35849.34,0.0168868,1632.011,0.6492667,0.24961557,0.4967707
Chicago,IL,0.4312969,0.1146743,45756.77,0.0336509,2784.078,0.6605312,-0.5328204,0.5713519
Rockford,IL,0.2051115,0.0763295,37848.39,0.0209687,1782.611,0.6671398,0.6633231,0.5291219
Rolla,MO,0.1547473,0.0363219,26402.47,0.0100368,1535.674,0.634756,-0.63213321,0.4810195
Farmington,MO,0.1041866,0.023416,27773.02,0.0122154,1358.45,0.571546,-0.1262191,0.5602738
St. Louis,MO,0.410303,0.1127915,42679.79,0.0222237,1896.448,0.6684499,0.43210744,0.5088203
Mexico,MO,0.1026844,0.0114319,30615.4,0.0143492,1300.824,0.5969523,0.88199441,0.6600858
Jacksonville,IL,0.219043,0.0294338,30776.67,0.0150484,1361.493,0.6145682,1.2241829,0.5821258
Springfield,IL,0.2295552,0.0869363,40181.61,0.0188567,2261.499,0.6680695,1.8335567,0.5655654
Edwardsville,IL,0.2100353,0.0450994,36421.45,0.017175,1583.807,0.6343773,0.58957578,0.5067246
Quincy,IL,0.0999094,0.0356818,31869.13,0.0145799,1587.652,0.6346154,1.2768351,0.5793427
Mountain Home,AR,0.0067492,0.0049943,32622.53,0.0116484,992.2565,0.4988614,-0.44015153,0.433196
West Plains,MO,0.015978,0.0111172,26978.95,0.0080928,1251.89,0.5542507,0.12172407,0.5235613
Harrison,AR,0.1195508,0.0152182,29628.95,0.0135205,1558.311,0.5858938,0.17649002,0.4549978
Heber Springs,AR,0.0137929,0.0132445,32635.1,0.0112202,952.1693,0.5101416,-0.44604807,0.4881226
Batesville,AR,0.0543999,0.0185616,29503.49,0.016515,1433.389,0.5391939,0.09393423,0.6262751
Henderson,KY,0.1038842,0.0333286,31360.96,0.0108176,1604.011,0.5903646,0.12774884,0.6507726
Union City,TN,0.1238012,0.0157439,30330.33,0.0132192,1640.534,0.5879486,-0.10976074,0.713205
Paducah,KY,0.2202669,0.0530817,34571.82,0.0138318,1698.321,0.5914996,0.59179855,0.6772109
Murray,KY,0.0772405,0.0413593,28383.03,0.0110585,2207.646,0.621084,-0.59959529,0.6024227
Centralia,IL,0.1724658,0.035765,33264.89,0.0146864,1686.754,0.6245004,0.99837294,0.648894
Carbondale,IL,0.2182745,0.0495554,28913.01,0.0138343,1606.245,0.572005,0.6285776,0.5238923
Harrisburg,IL,0.1036076,0.0201849,29679.51,0.013709,1781.728,0.532668,1.2058835,0.5253305
Cape Girardeau,MO,0.2033931,0.0422029,30141.27,0.0160455,1658.179,0.629519,0.34357611,0.5356398
Poplar Bluff,MO,0.1122361,0.0319658,28334.39,0.0108884,1174.779,0.5338175,-0.44295489,0.3375149
Blytheville,AR,0.2282264,0.0332446,26795.4,0.012002,1498.623,0.5649806,-1.007335,0.5998707
Jonesboro,AR,0.1464349,0.0383098,29115.25,0.010871,1341.376,0.615224,-0.39364529,0.6267447
Roseau,MN,0.1042395,0.0104872,33397.61,0.0209752,5151.974,0.7072513,1.1910817,0.6708054
Duluth,MN,0.0976184,0.0612565,34403.52,0.0207068,3445.079,0.6283048,2.081489,0.5325919
West Cook UT,MN,0.0372393,3.759e-4,39705.71,0.0375677,4651.758,0.672422,3.9629595,0.4736842
International Falls,MN,0.0064847,0.0127911,37115.17,0.017592,3124.179,0.6007544,1.0904257,0.6971787
Moberly,MO,0.0871398,0.0202274,29087.81,0.0173184,2002.044,0.6087253,0.69418608,0.6399398
Marshall,MO,0.0925609,0.0249051,31245.38,0.0144214,1562.839,0.6201119,0.85699146,0.6509805
Brookfield,MO,0.0758701,0.0057384,31878.52,0.0144975,1326.287,0.5995164,1.2011221,0.6870944
Trenton,MO,0.0295072,0.0045998,30864.04,0.0149815,1938.846,0.5951197,1.2014258,0.7493129
Polk,MO,0.1705976,0.0085055,28324.27,0.0127552,1509.163,0.5902699,0.2056876,0.4700209
Centerville,IA,0.0307254,0.0080652,30736.21,0.0218073,1997.39,0.5978161,0.92551049,0.4342383
Kirksville,MO,0.0473833,0.0305319,26767.43,0.0155715,1336.648,0.617888,0.83623702,0.4657452
Bismarck,ND,0.0786463,0.0384381,35395.77,0.0187737,2035.228,0.6943568,2.550638,0.8140563
East Grant UT,ND,0.0048959,0.0085906,30351.65,0.0226879,1740.772,0.5462031,0.46317039,0.8542767
Linton,ND,0.0092598,0.0019374,34910.25,0.0215399,1455.975,0.5414084,2.6608137,1.023631
Steele,ND,0.0134738,0.0011582,29679.99,0.0231399,1648.559,0.5500481,2.2499142,0.8016709
Devils Lake,ND,0.4523666,0.0268359,32686.59,0.0225695,1715.921,0.6128886,2.3886532,0.8811167
Carrington,ND,0.043901,0.0057019,36561.34,0.022828,1576.291,0.6150135,2.5568673,0.8809085
Turtle Mountain UT,ND,0.4596293,0.018191,25045.23,0.0160657,1726.02,0.5804397,0.42506686,1.018731
Minot,ND,0.0883124,0.0300173,31148.84,0.0182339,1625.456,0.6679736,1.2368719,0.6142257
Rugby,ND,0.0189479,0.0141718,33946.88,0.0223555,1410.288,0.5598785,2.3794512,0.838339
Ekalaka,SD,0.0148208,0.0028451,25282.67,0.0545115,2352.459,0.6919242,1.9671193,0.5079248
Baker,MT,0,0,30324.57,0.0412325,4109.894,0.6647165,1.6053761,0.8657032
Bowman,ND,0.0151796,0.0058237,34193.54,0.0199161,1819.898,0.6647174,2.4595867,0.8929908
Lemmon,ND,0.0416486,9.426e-4,34793.17,0.0284768,1943.228,0.5987663,3.1613503,0.8865183
Scobey,MT,0.0065961,0.0118222,32704.5,0.0331016,3841.13,0.5672295,2.8411814,1.308379
Wolf Point,MT,0.3001167,0.0135939,24254,0.0319146,2391.714,0.6262342,0.36422189,0.7928872
Plentywood,MT,0.0141644,0.0037856,33726.7,0.0279083,2408.495,0.590282,1.269775,0.7576126
Glasgow,MT,0.212774,0.0206645,31217.48,0.0368422,6900.015,0.6181893,1.5642835,0.5974259
Glendive,MT,0.0123838,0.0039538,29214.83,0.0284241,2129.959,0.6231959,1.7509932,0.5416148
Dickinson,ND,0.2190036,0.0158678,29908.72,0.019242,1599.642,0.6618877,1.2612914,0.8362705
Sidney,ND,0.4807816,0.0087188,30292,0.0227537,2384.618,0.6199287,1.4210602,0.6584071
Williston,ND,0.0916694,0.0144765,32277.37,0.019037,1956.641,0.642578,1.3533407,0.8278432
Brookings,SD,0.1256485,0.0120261,30234.07,0.0294336,2273.041,0.7200013,1.2618693,0.6630569
Madison,SD,0.0172597,0.0220709,30818.75,0.0267547,2610.982,0.6700417,2.2810784,0.7251412
Sioux Falls,SD,0.0823698,0.0758229,36624.38,0.0279824,1706.508,0.7418825,1.6290626,0.6432637
Watertown,SD,0.0281612,0.0228267,35142.73,0.0273652,2099.188,0.6927036,1.7891194,0.8255402
Milbank,MN,0.0702862,0.0045346,34360.77,0.0247326,5009.675,0.5963213,2.3391161,1.004157
Sisseton,SD,0.2626905,0.0114184,30613.08,0.0259678,1563.121,0.5998566,2.3311337,0.8310082
East Corson UT,SD,0.2337092,0.0135305,17400.51,0.0171922,1539.09,0.5462315,-0.24351506,0.692766
Mobridge,SD,0.140697,0.0028564,31321.75,0.0266878,1702.434,0.5931888,2.3785098,0.8341929
Aberdeen,SD,0.0487584,0.0252344,33759.89,0.030324,1759.469,0.6561785,2.0630198,0.8623947
Bemidji,MN,0.3174883,0.0268113,31567.29,0.0207506,2723.08,0.6345986,1.4431802,0.5644684
Grafton,ND,0.0717511,0.0132534,34409.39,0.0264798,2180.498,0.6173794,2.4151606,0.8762625
Thief River Falls,MN,0.066745,0.0104845,32094.95,0.0218399,3712.601,0.6477211,2.3380491,0.8260575
Grand Forks,ND,0.0771139,0.0541189,31651.47,0.0215891,2039.431,0.680159,1.6117065,0.6738285
Fargo,ND,0.0562532,0.0651535,34084.59,0.0202843,2262.824,0.7213759,1.8003606,0.6243833
Lisbon,ND,0.015079,0.0175107,35168.38,0.0208799,1428.666,0.6469254,2.6061769,0.8821582
Jamestown,ND,0.0399106,0.0227984,32842.16,0.0198356,1405.512,0.6312259,2.259876,0.7553668
Cooperstown,ND,0.0392792,7.165e-4,34889.81,0.0254211,1392.068,0.5829315,2.6946671,0.7458243
Fergus Falls,MN,0.0954975,0.0169145,36093.64,0.0188793,2972.452,0.6366826,2.7291703,0.7314347
Little Falls,MN,0.0583291,0.0141739,31850.94,0.0170181,2769.892,0.6425179,1.555984,0.6667335
O'Neill,NE,0.0217504,0.0047216,31083.88,0.0235842,1667.562,0.654021,1.310874,0.6880672
Ord,NE,0.0247789,0.0023019,31042.35,0.0317975,2683.88,0.6296111,0.83726797,0.8221554
Ainsworth,NE,0.0390948,0.0054033,30825.16,0.0317254,2816.853,0.6354251,1.5482812,0.5451788
Winner,SD,0.0335066,0.0053007,29623.25,0.0271539,1772.694,0.6272401,1.9783721,0.7046872
Yankton,SD,0.1482995,0.0165009,31086.26,0.0249946,1860.062,0.6361182,1.3095073,0.7687731
Mitchell,SD,0.0324629,0.0072439,33752.84,0.0296414,1673.153,0.6671774,2.0591327,0.786912
Huron,SD,0.0409631,0.0083716,35616.66,0.0256435,1635.942,0.6487617,3.5500816,0.7505435
Parkston,SD,0.33268,0.011734,29594.07,0.0279616,1538.862,0.5985801,2.7743678,0.9026481
Chamberlain,SD,0.5537449,0.0561361,26745.55,0.0247451,1366.201,0.6429591,0.6815989,0.6963953
Miller,SD,0.3529672,0.0098092,39611.15,0.0348906,1976.542,0.6246513,3.3749859,0.7215447
Pierre,SD,0.0794346,0.015801,38652.54,0.0269656,1942.68,0.7394846,5.266008,0.6994089
Gettysburg,SD,0,0,37190.4,0.0298962,1831.975,0.6141328,4.5549818,1.158188
Willmar,MN,0.1809027,0.0235246,35795.2,0.0175592,3638.411,0.6544192,2.6264035,0.8436775
Marshall,MN,0.0885729,0.0174634,34330.34,0.0201799,3783.342,0.6880509,2.8433023,0.8076549
Sioux Center,IA,0.0474057,0.0066682,32542.37,0.0231552,2097.366,0.6895932,2.8196852,0.9283368
Worthington,MN,0.1929318,0.00997,34678.46,0.0202009,3025.409,0.6530238,2.8129194,0.8635393
Spencer,IA,0.0214514,0.0117621,38060.72,0.0263246,2689.3,0.6571213,1.8206026,0.7805289
Fairmont,MN,0.0522507,0.0169203,35647.91,0.0218201,3270.012,0.6480948,2.8600454,0.8778005
Storm Lake,IA,0.216598,0.0082863,34279.39,0.0230055,1936.276,0.6436144,2.0776703,0.7407786
Fort Dodge,IA,0.1090417,0.018929,35645.63,0.0266922,2322.198,0.6266626,2.0795032,0.7189443
Des Moines,IA,0.174653,0.0761284,40107.64,0.0259444,2489.982,0.7219426,1.5952567,0.4833983
Creston,IA,0.0684861,0.0119699,31082.06,0.0271346,2735.738,0.6493208,1.4146176,0.4783708
Atlantic,IA,0.0150217,0.010381,35643.5,0.0251339,2556.875,0.659242,1.9705428,0.7680687
Carroll,IA,0.1781799,0.0095351,34861.86,0.0254876,2694.298,0.6579642,2.3755124,0.7837222
Rapid City,SD,0.0801999,0.053129,33200.56,0.0285692,1718.701,0.6876915,0.74400392,0.5418702
Eagle Butte,SD,0.1769794,0.0337856,18546.09,0.016258,1574.325,0.5775401,-0.00921828,0.5283241
Southwest Jackson UT,SD,0.4410588,0.0389163,26268.23,0.0290162,1559.89,0.6194544,1.4820541,0.6088568
Murdo,SD,0,0,30669.46,0.0364305,1774.925,0.7076591,1.6179047,0.6177703
Mission,SD,0.1019549,0.0026705,17597.96,0.0118997,2285.168,0.5868531,0.03522374,0.550795
Scottsbluff,NE,0.1154486,0.0186965,33191.67,0.0241191,2251.258,0.6500488,1.1364422,0.5315843
Cheyenne,WY,0.0640156,0.0555407,34424.96,0.017174,3061.019,0.664086,0.87606248,0.500178
Torrington,WY,0.0252124,0.0079871,31965.72,0.0199962,3130.52,0.6373685,0.93549208,0.4110565
Gordon,SD,0.4859407,0.0342269,19815.24,0.0174852,1751.038,0.5696595,-0.15312425,0.4540426
Virginia Beach,NE,0.1083281,0.0284426,31599.71,0.0254947,2142.162,0.6864946,1.1058773,0.7564485
Columbus,NE,0.2116957,0.0120727,34258.06,0.0228928,11529.13,0.6894374,0.98191489,0.750748
Hastings,NE,0.0588049,0.0405665,34343.34,0.0392363,3667.585,0.6664766,1.5961141,0.6454759
York,NE,0.0368592,0.0038443,35524.24,0.0315588,2504.742,0.6536702,2.3287551,0.6949127
Grand Island,NE,0.1496584,0.0318637,33159.67,0.026483,2478.924,0.6906377,1.3081513,0.801745
Sioux City,IA,0.2002684,0.0443425,35654.61,0.0248389,2172.693,0.6885317,1.2670359,0.5969708
West Point,NE,0.3603257,0.0074186,32028.04,0.0266836,2507.845,0.6453029,1.3407409,0.7226306
Lincoln,NE,0.0943325,0.0949332,35972.91,0.0274771,2960.261,0.7203723,1.6594489,0.4964514
Nebraska City,NE,0.0624672,0.0134722,34517.13,0.0252916,2051.944,0.6444963,1.6135811,0.6619592
Red Oak,IA,0.1106861,0.015968,33241.64,0.0234511,2014.364,0.6232213,1.3091941,0.5561757
Omaha,NE,0.2616235,0.1087991,39947.79,0.0252373,2742.945,0.7120258,0.53497515,0.5187145
Sterling,CO,0.0658938,0.0147142,31170.1,0.0344657,2620.714,0.6229337,1.0843862,0.5059747
Ogallala,NE,0.0380868,0.0048352,34903.51,0.0367641,2531.52,0.6486466,1.1929954,0.5976359
Oshkosh,NE,0,0,31316.23,0.0405045,2821.138,0.5925,3.9415953,0.7002618
Valentine,NE,0.0308147,0.0032837,31505.53,0.0363263,2561.397,0.6825128,1.7163781,0.557375
Broken Bow,NE,0.0102887,0.0036305,33846.46,0.0307123,2927.37,0.6488261,1.5541242,0.5848913
North Platte,NE,0.0383667,0.0207068,35591.35,0.032934,2202.699,0.657693,1.6464809,0.6015749
Colorado Springs,CO,0.0835121,0.1112557,37765.43,0.0240682,2738.578,0.6957904,-0.16928514,0.3654068
Limon,CO,0.0588917,0.0018139,25562.01,0.0350965,3138.883,0.524113,-0.17035864,0.3456547
Springfield,CO,5.478e-4,0.001438,31259.88,0.0405289,3379.061,0.57702850000000006,0.66462386,0.4027009
Pueblo,CO,0.0887534,0.0716258,31074.76,0.0271205,2410.202,0.576982,0.54720417,0.5708002
Trinidad,CO,0.0654369,0.0191536,30719.9,0.04055,3305.401,0.5245219,0.50453859,0.7075729
Burlington,CO,0.068328,0.0039567,32575.27,0.0426134,3420.312,0.6127493,2.0479207,0.6342717
Oberlin,KS,0.0038681,0.0036714,36684.12,0.0336312,2135.084,0.5789163,3.0103464,0.6941597
Norton,KS,0,0,27980.41,0.027487,2659.828,0.5482925,2.705823,0.5929784
Phillipsburg,KS,0.0191548,0.0066145,34879.49,0.0318141,2116.044,0.6016464,2.3107885,0.7648287
Colby,KS,0.0146567,0.0046839,36561.06,0.0419779,3041.958,0.6623945,2.5342939,0.6140177
Goodland,KS,0.0060381,0.0015486,32860.88,0.0379832,2866.469,0.6588659,2.4469166,0.4813727
Wano,KS,0.0057197,0.0023198,36523.63,0.0354411,2513.648,0.6183994,2.3233739,0.6820598
McCook,NE,0.0081447,0.0089025,32797.39,0.0296448,2859.483,0.6418225,1.3690167,0.6299061
Kearney,NE,0.0676817,0.0399669,31135.14,0.0256524,1721.294,0.7101237,1.2646573,0.6444238
Lexington,NE,0.3081044,0.0080042,33765,0.0298831,3189.162,0.6501839,1.8298628,0.797231
Salida,CO,0.0317457,0.0225051,33185.09,0.0242539,1897.272,0.5293508,0.34971888,0.5307228
Glenwood Springs,CO,0.0637509,0.0347658,45255.8,0.0672359,5292.147,0.7817926,-0.21155103,0.2960845
Granby,CO,0.021977,0.0025628,40410.57,0.0817537,3925.81,0.7709408,1.4247053,0.2123453
Laramie,WY,0.0356612,0.0585932,26024.1,0.0145907,2984.538,0.6758334,0.66631014,0.3659611
Fort Collins,CO,0.1234906,0.0802833,37522.63,0.0289463,3163.588,0.7009774,-0.07832903,0.3944639
Denver,CO,0.203113,0.1245828,46181.45,0.0302873,3017.666,0.7201804,0.31696931,0.3920636
Pratt,KS,0.016215,0.0040869,35115.41,0.0374737,2894.261,0.6416554,2.2650412,0.6859368
Coldwater,KS,0,0,37696.18,0.0496278,3293.558,0.6131026,0.77693397,0.7427555
Dodge City,KS,0.1511629,0.0155318,31770.99,0.038188,2323.704,0.6776475,0.71906943,0.5195742
Great Bend,KS,0.096091,0.0136297,33945.73,0.0324407,2292.143,0.6423498,1.8783034,0.7089165
Hutchinson,KS,0.0824366,0.0433555,33452.18,0.0293021,2086.473,0.6208272,1.0552029,0.5327745
Hays,KS,0.0394043,0.0314759,33330.44,0.0289676,1881.065,0.670231,1.4897178,0.5360247
Township 11,KS,0.0258348,0.0022905,34104.41,0.0423552,3308.599,0.6083196,1.6980179,0.6826556
Center,KS,0.0095281,0.0021236,38614.69,0.0460296,3294.008,0.6242974,2.4336407,0.8876805
Concordia,KS,0.0205859,0.0085053,36131.11,0.0278495,2255.608,0.6131094,2.3733368,0.6178747
Superior,NE,0.0078131,0.0041511,35206.46,0.0327376,2610.74,0.6147127,2.515602,0.8642009
Beloit,KS,0.013948,0.0078128,36359.42,0.0265473,2243.082,0.6382704,2.0183868,0.7721363
Salina,KS,0.0702673,0.069285,35541.32,0.0230299,1963.576,0.6921394,1.7422936,0.5456125
Hiawatha,KS,0.1148144,0.0078605,34022.27,0.0207626,1956.475,0.6293724,2.2984567,0.7443216
Marysville,KS,0.0108591,0.0048776,34953,0.0416649,4098.786,0.6342821,2.206285,0.7757336
Manhattan,KS,0.1390515,0.0514217,28788.32,0.0265964,1679.884,0.7007967,-0.17706495,0.394363
Topeka,KS,0.1281969,0.0874159,35816.43,0.0253933,2005.811,0.6825694,1.1295509,0.3974602
Wichita,KS,0.2155089,0.1023895,38847.42,0.0239841,2057.671,0.6797798,0.47763465,0.4836442
Newton,KS,0.0728073,0.0118915,36055.3,0.0248633,2175.489,0.6655864,2.7561684,0.6256862
Winfield,KS,0.0500765,0.0225325,33685.98,0.0250467,2477.217,0.6128526,0.59825252,0.5242905
Ottawa,KS,0.038923,0.0199538,32281.81,0.0225847,2316.719,0.6487651,0.83614122,0.4873597
Emporia,KS,0.1474675,0.0332862,29884.79,0.0368638,2567.909,0.6887394,0.75340102,0.4912189
Bartlesville,KS,0.0993109,0.0449314,34266.19,0.0169036,2115.531,0.6059929,0.88318381,0.6241702
Leavenworth,KS,0.088672,0.074531,33079.96,0.018631,1377.649,0.6210279,-0.54808356,0.3781431
Kansas City,MO,0.3055163,0.1209807,42530.85,0.0262226,2569.134,0.6911225,0.18528491,0.4871009
St. Joseph,MO,0.0875174,0.0340392,32193.7,0.0183508,1385.669,0.6144458,0.69811613,0.5383323
Sedalia,MO,0.1035598,0.0193355,31288.85,0.0143806,2237.426,0.5918791,0.70016156,0.5778289
Polk,MO,0.0455738,0.0145416,27754.28,0.0192616,1336.392,0.6306352,0.92653663,0.5958804
Bethany,MO,0.0118644,0.0071181,31180.55,0.0156767,1696.176,0.609063,2.3555299,0.7506218
Columbia,MO,0.1312307,0.0747522,32704.71,0.0194647,1592.536,0.681699,1.1067045,0.5232648
Eldon,MO,0.0208236,0.0229264,34165.2,0.0167,1061.582,0.5842656,-0.92852358,0.4749512
Springfield,MO,0.0670514,0.0727313,31925.95,0.0143926,1638.763,0.6444935,0.31122599,0.5125911
Aurora,MO,0.0532538,0.0077453,31417.22,0.0141932,1288.112,0.612552,-0.16084965,0.4637979
Joplin,MO,0.1011199,0.0239341,30455.86,0.0163471,1445.414,0.6374039,0.23247559,0.557565
Center,MO,0.0143969,0.0102055,28968.07,0.0122081,1667.762,0.5910313,0.41492685,0.5293407
Russellville,AR,0.1080168,0.0213907,28758.48,0.0106076,1303.426,0.5945455,-0.92718746,0.5345845
Fort Smith,AR,0.1287111,0.0368652,29347.25,0.014086,1413.868,0.5886635,-0.83549221,0.6192704
Muskogee,OK,0.1129717,0.0253833,27010.69,0.0141528,2017.746,0.5595863,-0.71155375,0.5068671
Fayetteville,AR,0.1505772,0.0462531,32611.93,0.0147624,1293.365,0.6454603,-0.96682297,0.5121446
Stillwater,OK,0.0466369,0.0719301,26431.79,0.0172596,2148.817,0.6381321,0.07379976,0.5535232
Tulsa,OK,0.1666006,0.0906427,36226.84,0.0161756,1930.908,0.6507862,-0.12108029,0.5388159
Okmulgee,OK,0.0739961,0.0238797,26342.67,0.0117202,1357.361,0.5539836,-0.71675019,0.5602439
Woodward,OK,0.0489505,0.0139698,32076.13,0.0198751,1640.58,0.6202129,-0.03589713,0.810665
Enid,OK,0.0794756,0.0338723,31507.12,0.0178522,1693.629,0.600086,0.77996385,0.6966851
El Paso,TX,0.1693809,0.0956255,25721.14,0.0242334,2251.336,0.5690875,-1.8990304,0.6624104
Alamogordo,NM,0.1325095,0.0228169,29489.22,0.0132529,1519.9,0.5913712,-0.48257322,0.4618585
Truth or Consequences,NM,0.0060444,0.0086771,32267.13,0.0101986,1867.03,0.4354294,-1.3490285,0.3588546
Deming,NM,0.0719678,0.0356054,26356.17,0.0149993,2356.331,0.5032458,-0.61372718,0.6731558
Van Horn,TX,0.06929,0.0108464,21737.56,0.0594488,2144.115,0.6260361,-1.0347641,0.9589916
Roswell,NM,0.0726247,0.036806,30442.88,0.0121927,2279.144,0.5618815,0.31737478,0.6738942
Santa Rosa,NM,0.152031,0.0021738,22179.97,0.0162555,2392.79,0.4868214,0.11807767,0.9179191
Hobbs,NM,0.0713696,0.0329753,27195.2,0.0363469,2154.475,0.5506256,-1.0652401,0.8188783
Lubbock,TX,0.1843332,0.079622,30597.29,0.032287,2459.738,0.6401274,-0.87683507,0.6387811
Clovis,NM,0.1002988,0.0552339,28204.89,0.0138378,1511.444,0.6193165,-0.74203994,0.6385095
Littlefield,TX,0.0382073,0.0100144,29301.71,0.0419228,1754.983,0.5843239,-0.86129686,0.8660944
Amarillo,TX,0.2225531,0.0793599,33187.82,0.0226981,2112.1,0.6449344,-0.46857292,0.700692
Pampa,TX,0.1032762,0.0541638,33956.74,0.0318185,1859.964,0.559337,0.06308307,0.8444948
Wellington,TX,0.039814,0.0128223,32498.98,0.0417262,2584.321,0.5730855,0.75628869,0.8089517
Memphis,TX,0.0707921,0.011874,29000.38,0.0257104,2063.205,0.574594,0.67880758,0.826383
Matador,TX,0,0,36160.36,0.0266953,1489.556,0.5502304,1.8408128,0.8204768
Plainview,TX,0.0684561,0.0280279,27000.28,0.0189478,1602.522,0.5782164,-0.41717944,0.8735759
Garden City,KS,0.1029449,0.0147052,30158.18,0.0469876,2953.195,0.6850352,0.5174635,0.550345
Ulysses,KS,0.0187171,0.004114,34785.28,0.0729343,3486.864,0.6510085,0.79967932,0.6898847
Scott City,KS,0.0353835,0.0038705,39000.72,0.041602600000000003,2291.009,0.6775102,1.9588666,0.836037
Liberal,KS,0.1595335,0.0202742,30590.01,0.0356846,2769.035,0.6334593,1.1143695,0.5246682
Perryton,TX,0.0587301,0.0084523,33735.57,0.0464514,2328.164,0.6360224,0.39569442,0.7789697
Guymon,OK,0.0431377,0.0072952,30684.91,0.0286353,2402.563,0.6578851,0.78863799,0.8430371
Dumas,TX,0.0817794,0.0206165,29327.2,0.0383943,1967.396,0.6075668,-0.35561346,0.5675659
Victoria,TX,0.119596,0.0466267,33598.83,0.0275413,2667.378,0.607996,-0.44886989,0.7025418
La Grange,TX,0.0747134,0.0122139,36151.21,0.0270473,1580.592,0.5861475,0.37206913,0.7232545
Gonzales,TX,0.0462363,0.0183779,28892.99,0.0253043,2045.336,0.5827581,-0.82327764,0.5843354
Austin,TX,0.1714787,0.137936,41322.2,0.0317232,3399.31,0.7087977,-0.19094963,0.4528972
Burnet,TX,0.065692,0.0302976,41430.84,0.0346788,2038.038,0.5335067,0.26993899,0.5007521
San Antonio,TX,0.2220705,0.1105953,34001.79,0.026203,2603.805,0.6307635,-0.87970487,0.6260619
Beeville,TX,0.0799443,0.0221629,18313.2,0.0244269,2160.681,0.4170117,-0.71365254,0.4911411
Kerrville,TX,0.0560995,0.0220116,42197.33,0.0195563,1930.646,0.5349004,0.83736108,0.6031148
Mason,TX,0.0577731,0.0153654,44194.93,0.0331973,1861.233,0.5701329,0.71995645,0.7752809
Midland,TX,0.1736568,0.066153,33502.12,0.0338038,2680.788,0.6207762,-0.81546334,0.5944861
Pecos,TX,0.1088593,0.0328867,24734.94,0.0526497,2585.438,0.5167674,-1.3855516,0.7802941
Fort Stockton,TX,0.08145,0.0193373,22363.27,0.0823304,2754.013,0.5340053,-1.0939072,0.5296537
Alpine,TX,0.1915281,0.0412236,25586.09,0.0357016,2703.198,0.598765,-0.26253329,0.5998803
Crystal City,TX,0.0326486,0.0199877,17378.6,0.0463451,2097.19,0.4891878,-1.5744613,0.7767301
Pearsall,TX,0.0844129,0.0121653,18364.79,0.0406459,3074.122,0.4671749,-0.80129059,0.8818609
Laredo,TX,0.0648514,0.0883346,21529.85,0.039743,2257.358,0.5248216,-2.3525423,0.7206335
Brownsville,TX,0.1468408,0.0658168,20391.82,0.0263465,2360.49,0.5218793,-2.6873225,0.5332988
Corpus Christi,TX,0.190801,0.0747189,30126.51,0.0326643,2263.348,0.5959551,-1.0322728,0.5451734
College Station,TX,0.1599064,0.0822909,26267.6,0.0296587,2210.421,0.6171132,-1.1106472,0.4995562
Pearland,TX,0.0914318,0.0667442,34848.83,0.0344269,1988.19,0.6193597,-1.5676997,0.5736619
Houston,TX,0.2807776,0.129693,38962.82,0.0327394,2453.823,0.6547657,-1.8288284,0.4979251
Beaumont,TX,0.2953098,0.0532915,31839.87,0.031315,1991.799,0.5506351,-0.9498144,0.6214818
Huntsville,TX,0.1242886,0.0369442,25251.04,0.0212851,2422.699,0.5174013,-1.3857453,0.5214764
Nacogdoches,TX,0.1412456,0.0385883,28783.3,0.0188739,1748.919,0.5649476,-1.4959151,0.5788409
San Angelo,TX,0.1132557,0.0507845,31936.19,0.0237162,1439.619,0.6371763,-0.3882502,0.6105569
Brady,TX,0.0460118,0.0234761,27665.96,0.0223111,2335.395,0.5197125,-0.82767101,0.7305417
Junction,TX,0.0504774,0.032035,35218.77,0.022703,1856.291,0.5619335,-0.36945226,0.5681019
Uvalde,TX,0.1168556,0.0149094,26770.7,0.0309575,2366.249,0.5654623,-0.43511196,0.8716631
Del Rio,TX,0.1436558,0.0561464,24076.46,0.0351904,2350.474,0.5587193,-1.7970143,0.5236232
Eagle Pass,TX,0.0926035,0.0253378,18470.3,0.023874,2138.325,0.5071285,-2.9852477,0.3468085
Big Spring,TX,0.1031232,0.0416459,26411.99,0.0388728,2933.698,0.4924202,-0.70094684,0.7060086
Sweetwater,TX,0.0840592,0.0409986,28675.81,0.0306279,1819.882,0.5645908,-0.55331774,0.8126179
Snyder,TX,0.0664687,0.0242464,26045.3,0.0483319,2009.002,0.4778467,-0.43942259,0.7148377
Abilene,TX,0.1234118,0.0662652,29968.35,0.022106,1845.709,0.6181182,-0.40753222,0.6755344
Childress,TX,0.0551124,0.0064251,23871.99,0.0226426,2092.561,0.4592203,0.16514741,0.736447
Haskell,TX,0.0222059,0.002708,29542.93,0.037725,2378.427,0.516153,0.11541708,1.04902
Wichita Falls,TX,0.1479363,0.0571409,30238.46,0.0217355,1617.752,0.6438888,-0.17053035,0.6354307
Graham,TX,0.0682438,0.0132113,31566.83,0.0342171,2295.142,0.5609832,-0.02562345,0.8024583
Seymour,TX,0.0101207,0.0176893,35578.34,0.0208466,2829.19,0.4980591,0.83739298,1.017102
Vernon,TX,0.0576091,0.0252292,32588.48,0.0322556,2125.867,0.5910964,-0.30836679,0.8686614
Brownwood,TX,0.0626697,0.0278024,30585.9,0.0226066,1734.656,0.5566202,-0.5648167,0.7143323
Stephenville,TX,0.0519199,0.022007,30856.16,0.0269927,1530.679,0.6109914,-0.96313575,0.6074815
Waco,TX,0.1905266,0.1050388,31689.55,0.023330300000000002,1728.987,0.6036304,-0.46754148,0.5970606
Corsicana,TX,0.0778387,0.011207,29976.17,0.0298916,1738.996,0.5496989,-1.163298,0.6096815
Killeen,TX,0.0911946,0.0594965,28336.29,0.0191029,1741.944,0.6732963,-2.2458906,0.4583084
Fort Worth,TX,0.2295957,0.1142568,39232.14,0.0271167,2337.837,0.681764,-1.1019931,0.5191873
Dallas,TX,0.2622548,0.1338128,43435.64,0.0326212,2574.296,0.6991875,-1.1794982,0.5255092
Paris,TX,0.1292879,0.0371986,32551.98,0.0208616,1968.585,0.6023837,-0.88402454,0.591783
Tyler,TX,0.1998974,0.03152,32245.06,0.0216588,1526.811,0.5603788,-0.80681022,0.5938207
Longview,TX,0.1213161,0.0312377,32364.69,0.0316002,1732.893,0.5848427,-0.38708099,0.6217686
Texarkana,TX,0.1629678,0.0390848,31308.78,0.0202465,1875.979,0.5626378,-0.85624367,0.6568639
Lawton,OK,0.1052842,0.0568261,27931,0.0141898,1627.217,0.6184627,-1.2275242,0.6528873
Altus,OK,0.0809545,0.0471315,28343.35,0.0129737,2463.825,0.581747,-0.92804001,0.8935847
Frederick,OK,0.0204027,0.0107321,29047.12,0.0108724,1733.725,0.5122998,-0.33813069,0.9695273
Ardmore,OK,0.0767877,0.0188518,29690.6,0.0139577,1641.639,0.5748333,-0.36606366,0.7606075
Elk City,OK,0.0756285,0.0239802,28315.15,0.0182075,1894.644,0.5910795,-0.0616824,0.8355917
Chickasha,OK,0.1517826,0.0415975,28079.79,0.012238,1439.99,0.5807593,-0.74451875,0.7124336
Oklahoma City,OK,0.1701739,0.0964456,34351.71,0.0165994,1774.945,0.6461598,-0.4903161,0.5964084
Ada,OK,0.0330845,0.0319784,25140.27,0.0186193,2173.181,0.5469739,-0.07785298,0.6259193
Sherman,TX,0.1220477,0.0349223,32930.41,0.0196917,1840.436,0.5972739,-0.67761018,0.6405526
Hot Springs,AR,0.1759579,0.029657,31876.95,0.0138047,1323.429,0.5643452,-0.57211012000000006,0.5966048
Idabel,OK,0.1631577,0.0145937,26431.28,0.0118407,1318.367,0.5517182,-1.120304,0.5961272
Sand Point,AK,0,0,16695.86,0.0716291,5546.266,0.7931477,NA,0.1104931
Anchorage,AK,0.0818724,0.0824061,41724.35,0.0197571,3856.641,0.7151816,NA,0.3440303
Valdez,AK,0.0125386,0.0452952,39971.68,0.0432725,13621.18,0.6629287,NA,0.2253065
Bristol Bay,AK,0,0,39909.41,0.0543221,11741.84,0.7147577,NA,0.2146264
Kotzebue,AK,0.0435195,0.0298849,27612.82,0.0747745,NA,0.6292467,NA,0.3913707
Nome,AK,0.143073,0.0658783,29588.64,0.0148077,3670.367,0.6050366,NA,0.4857547
Dillingham,AK,0.0824834,0.0369543,31290.72,0.0106776,6661.091,0.6057013,NA,0.3040771
Kodiak,AK,0.0759595,0.0284691,38933.16,0.0172064,3470.659,0.7414744,NA,0.2560914
Juneau,AK,0.0511971,0.0394261,43595.36,0.0262901,4509.214,0.7380686,NA,0.2404905
Sitka,AK,0.0398352,0.0066874,42159.23,0.0186743,4665.067,0.71755,NA,0.3863651
Ketchikan,AK,0.1117357,0.0366651,39001.79,0.0222945,3801.85,0.7210184,NA,0.3057974
Bethel,AK,0.1318459,0.0518768,23592.72,0.009708,1789.119,0.6161996,NA,0.5676391
Barrow,AK,0.0336976,0.0087637,39123.14,NA,NA,0.72148,NA,0.230738
Unalaska,AK,0.038812,0.0278202,23637.15,0.0699341,2949.251,0.8160347,NA,0.1659652
Fairbanks,AK,0.1385514,0.0596741,35935.41,0.0156178,2655.198,0.7248445,NA,0.3418498
Havre,MT,0.4717646,0.0420571,27557.26,0.0249245,2020.842,0.6406569,0.97616797,0.545743
Shelby,MT,0.5147716,0.0220226,25614.96,0.0281276,2671.229,0.6058781,0.59629444,0.7131286
Great Falls,MT,0.1138323,0.0599977,32458.03,0.0202463,1763.141,0.6424313,0.69807801,0.4865879
Lewistown,MT,0.012449,0.0031308,31401.06,0.0237705,1734.487,0.6275588,1.756134,0.5250282
Cody,WY,0.0212775,0.0177488,32675.27,0.030778,3674.896,0.6276832,-0.02582774,0.4860794
Worland,WY,0.046737,0.0118381,34375.06,0.0281697,2810.26,0.6505486,1.6240747,0.5077822
Riverton,WY,0.2262623,0.0196336,30954.44,0.0212472,2643.337,0.6485145,-0.08965189,0.4206792
Sheridan,WY,0.4210758,0.0180317,32114.45,0.0241249,2865.096,0.6477751,1.1380312,0.4536993
Miles City,MT,0.0228684,0.031906,30025.74,0.0237819,2043.349,0.6342157,0.59269923,0.5057774
Jordan,MT,0,0,27448.97,0.0350178,2161.107,0.6696429,0.20465708,0.4081314
Colstrip,MT,0.4951946,0.0609032,28920.57,0.057055,6886.406,0.6470845,-0.13433823,0.4622377
Billings,MT,0.0652681,0.0721821,35376.52,0.0205352,1750.084,0.6782369,1.1770051,0.4616478
Harlowton,MT,0.0049951,0.0025466,26262.6,0.0417427,1849.693,0.6302418,1.2324972,0.4380816
Dillon,MT,0.007658,0.0105997,27666.92,0.026972200000000002,2072.412,0.6371478,0.90814017,0.4850033
Bozeman,MT,0.020604,0.0443986,31691.63,0.0205492,1735.179,0.7097101,1.3292541,0.2672426
Helena,MT,0.0090363,0.0432274,33609.67,0.0292243,1668.471,0.6912217,3.071248,0.4658019
Butte-Silver Bow,MT,0.0267995,0.0362479,30172.66,0.0295762,1569.183,0.5880993,1.0179789,0.5294542
Bonners Ferry,ID,0.0108569,0.0025489,28982.87,0.0155046,2032.405,0.5878175,-0.29499963,0.3581198
Libby,MT,0.0035504,0.009347,26385.41,0.0254041,1638.35,0.5349371,0.65953271,0.3821734
Kalispell,MT,0.1728574,0.0242234,32003.25,0.020824,1709.979,0.6234509,0.52724134,0.3950452
Missoula,MT,0.0326902,0.0598658,31286.06,0.0245874,1656.618,0.6712329,1.1697124,0.313953
Gillette,WY,0.0207833,0.0445994,34452.02,0.0619123,4314.919,0.7241018,-0.92643508,0.4821433
Rawlins,WY,0.066246,0.0025169,31828.03,0.046421,3351.101,0.6257808,-0.64592831,0.4293753
Casper,WY,0.0253401,0.0568279,34839.75,0.0207405,2999.53,0.6829474,0.54232275,0.4349685
Lusk,WY,0,0,30782.98,0.0358005,5706.283,0.6169439,0.80826317,0.4923141
Honolulu,HI,0.1402532,0.1066677,39403.99,0.0153621,1316.213,0.6473376,NA,0.3331975
Kapaa,HI,0.0644554,0.0128168,38209.55,0.0213821,1404.811,0.631285,NA,0.5231856
Kahului,HI,0.1194249,0.0295157,39555.89,0.0207837,1558.838,0.6671527,NA,0.4448265
Las Vegas,NM,0.0921637,0.0116967,26569.29,0.0174746,2459.145,0.5485247,-1.2728198,0.7383776
Santa Fe,NM,0.2006061,0.089222,38837.66,0.013224,2090.462,0.6531421,0.31145925,0.5755653
Tucumcari,NM,0.0797159,0.0127563,30331.55,0.0143872,2243.438,0.5315815,-0.95999414,0.8926585
Clayton,NM,0,0,30304.99,0.0133571,2538.313,0.6124644,-0.01785875,0.4705319
Alamosa,CO,0.1120375,0.0278227,27093.8,0.0310845,2793.817,0.6042015,0.51707757,0.6254168
Albuquerque,NM,0.1765339,0.0959375,35590.62,0.013712,2022.211,0.6407031,-0.76025629,0.5468524
Socorro,NM,0.2044352,0.0183831,24360.4,0.0101533,1629.653,0.5626462,-0.69401213,0.417742
Phoenix,AZ,0.2083484,0.1202165,40623.62,0.0238422,3109.376,0.6355171,-1.4831435,0.3938746
Safford,AZ,0.2871506,0.0358329,23578.6,0.0218515,2696.343,0.5284834,-1.3249828,0.7210248
Tucson,AZ,0.2200086,0.1124232,35571.27,0.023764,2422.967,0.5924009,-0.86740987,0.4520663
Grand Junction,CO,0.0396758,0.0496302,35421.22,0.0271186,2421.188,0.6324133,0.15054295,0.3012398
Gunnison,CO,0.0172447,0.0446191,32805.41,0.0543061,3422.812,0.7303796,1.798034,0.3807134
Farmington,NM,0.2981286,0.0473996,30450.45,0.0282978,2774.948,0.6309806,-0.99391182,0.4014495
Flagstaff,AZ,0.2873363,0.0365046,35102.3,0.0267034,2138.184,0.5891469,-0.84970842,0.3103493
Cortez,CO,0.3826082,0.0287097,28798.54,0.0381101,2972.559,0.6015586,-0.99688494,0.3516851
Gallup,AZ,0.4763211,0.0626083,20837.03,0.025109,2277.78,0.5025365,-2.2044376,0.4245669
Hilo,HI,0.0432821,0.0421039,35009.52,0.020113,1422.226,0.6174693,NA,0.3977011
Twin Falls,ID,0.0332267,0.035396,35364.21,0.0180096,2186.71,0.666261,0.17162849,0.4504209
Burley,ID,0.0406015,0.0213796,28356.68,0.0125022,2118.633,0.6342797,-0.74494766,0.7371724
Boise City,ID,0.0848086,0.0724128,35641.88,0.0158194,1584.391,0.6920973,0.41523422,0.4205863
Ontario,OR,0.0933199,0.0160347,27631.44,0.0207437,2173.65,0.5710353,-0.58274352,0.4519543
McCall,ID,0.0057648,0.0173549,33157.21,0.0269603,2807.434,0.5993086,1.1752755,0.2845331
St. George,UT,0.0278602,0.0306662,31383.4,0.0231499,2203.389,0.6017903,-1.2084998,0.7548602
Price,UT,0.0385268,0.0162974,26759.49,0.0330869,2778.039,0.5964029,-0.17603138,0.7723008
Moab,UT,0.0189179,0.0011997,31770.04,0.0293907,2658.61,0.6900075,1.5170765,0.4865056
Richfield,UT,0.0148287,0.0073909,28605.11,0.0214351,2087.297,0.6074961,-0.79102138,0.8321206
Loa,UT,0,0,32242.2,0.018982,2062.931,0.6376249,1.3402608,0.8130729
Provo,UT,0.0585669,0.095139,29114.79,0.0205107,1755.215,0.6772932,-0.84595298,0.8954569
Salt Lake City,UT,0.1142171,0.1007756,36987.88,0.0210031,2439.216,0.7100691,-0.63510402,0.699479
Logan,UT,0.0531079,0.0696854,28952.72,0.0154341,1732.093,0.6910815,-0.00436597,0.8543419
Pocatello,ID,0.1275673,0.0630143,30119.07,0.0156964,1983.776,0.6599163,-0.14391434,0.7179096
Salmon,ID,0.0132266,0.004757,30781.6,0.0127337,1796.501,0.5862106,0.78271345,0.3847547
Jackson,WY,0.0267702,0.0199271,53838.13,0.0384308,4620.492,0.7801689,2.389419,0.3077938
Steamboat Springs,CO,0.0324139,0.040495,39506.23,0.0666481,4647.293,0.7481067,-0.03647617,0.3460371
Vernal,UT,0.1513534,0.0195785,26253.97,0.0381157,2957.654,0.6223372,-1.5412225,0.7267584
Soda Springs,ID,0.0176814,0.0114618,29943.29,0.0205307,2756.802,0.5845156,0.34459233,0.8176449
Rock Springs,WY,0.0424209,0.023651,33999.21,0.0533033,4123.225,0.6898767,-0.6663497,0.6020934
Klamath Falls,CA,0.1055664,0.0315784,29858.39,0.0221984,2908.981,0.5366825,-0.24747671,0.2742661
Burns,OR,0.009843,0.001166,30895.79,0.0376632,3535.694,0.6396043,0.71937889,0.3114733
Lakeview,OR,0.0103225,0.0056394,31635.1,0.0249185,2561.23,0.5796033,0.92843213,0.308138
Redding,CA,0.0424699,0.0337689,33442.26,0.0193883,3202.582,0.5665758,-0.63311648,0.2505529
Eureka,CA,0.0699777,0.0330934,30455.53,0.0180767,2849.32,0.59439,0.75582025,0.3560341
Medford,OR,0.0382481,0.0459638,36288.6,0.0238421,1782.724,0.5853082,0.01727241,0.2157124
Crescent City,CA,0.1168762,0.0178298,29532.28,0.0171403,2555.028,0.478211,-0.41776099,0.2856879
Roseburg,OR,0.0098726,0.0206822,32478.86,0.0286161,2488.388,0.5583613,-0.16404849,0.2539068
Modesto,CA,0.1211271,0.051475,31665.75,0.01925,3836.33,0.5964807,-1.5737095,0.4459943
Bakersfield,CA,0.213638,0.0991732,28781.38,0.0277015,3644.007,0.5650592,-1.9030033,0.4365045
Fresno,CA,0.1681688,0.0853597,28266.97,0.0195042,3259.186,0.5843983,-1.6475098,0.4657408
Chico,CA,0.1003635,0.0493373,31470.64,0.0190867,2903.628,0.5800616,-0.92134075,0.2906648
Sacramento,CA,0.1611501,0.0933991,39560.49,0.0200157,3558.992,0.6250486,-0.59608214,0.3540107
San Jose,CA,0.2183079,0.0915852,52003.85,0.023485,3361.294,0.6638451,-0.60944452,0.4317622
Elko,NV,0.1214726,0.0469672,32701.45,0.0243019,3115.932,0.6667259,-2.0846834,0.4132629
Winnemucca,NV,0.0208531,0.0106457,31976.48,0.0309757,6250.873,0.6004038,-2.0482765,0.3744024
Portola,CA,0.0278841,0.0111392,36904.59,0.0298659,4132.194,0.5715916,0.39373745,0.3103491
Reno,NV,0.0966342,0.098821,41398.39,0.01988,2436.734,0.6698058,-1.0817958,0.2890828
Santa Rosa,CA,0.0735558,0.0652106,43636.49,0.0196786,3118.39,0.6450217,-0.10308038,0.3232491
San Francisco,CA,0.2067153,0.1095815,54014.14,0.0230517,3650.402,0.6559916,-0.38031076,0.381164
Las Vegas,NV,0.1376084,0.1019547,38428.77,0.021125,3147.54,0.6352338,-2.3169243,0.3520286
Reno,NV,0.2441145,0.0150192,34004.05,0.017635,3693.745,0.5892147,-0.77270091,0.3452968
Mammoth Lakes,CA,0.0599159,0.0427028,38537.1,0.0484936,4288.026,0.6663667,0.22849669,0.4256445
San Diego,CA,0.1961513,0.111764,40913.48,0.0194946,3083.332,0.6499446,-0.9444064,0.4371485
Yuma,CA,0.2225187,0.0618074,26907.62,0.0232405,3978.626,0.4993345,-2.6607682,0.4856789
Santa Barbara,CA,0.1536005,0.077187,40049.78,0.0222336,2829.163,0.6124632,0.034911,0.5107209
Los Angeles,CA,0.2705799,0.1205986,38901.8,0.0231384,3609.343,0.6144956,-1.3917238,0.5201261
Lewiston,ID,0.090258,0.0326283,32663.37,0.0164511,1901.475,0.5953701,0.55492559,0.4003004
Pullman,WA,0.0631424,0.0770866,24765.65,0.0183556,1549.501,0.6285526,0.46258227,0.3247176
Moses Lake,WA,0.1649971,0.0213698,29314.67,0.0180538,4621.421,0.6240819,-0.259689,0.4422338
Wenatchee,WA,0.0632544,0.0345691,36330.2,0.0180772,4552.852,0.6399452,0.22069303,0.3729024
Spokane,WA,0.0473711,0.0767137,34286.46,0.0177151,2258.464,0.6409714,0.37127439,0.3443254
Colville,WA,0.2578548,0.0230681,29312.27,0.0133324,2834.204,0.582582,-1.0688066,0.2570491
Longview,WA,0.0579895,0.0386939,34298,0.0205251,3224.381,0.5936989,-0.0388606,0.3038082
Portland,OR,0.1028136,0.0746135,41718.14,0.0312256,2860.598,0.6942886,0.1645527,0.3352443
The Dalles,OR,0.0674136,0.0172909,32880.5,0.0264775,2931.145,0.6205969,0.56078407,0.3815795
Eugene,OR,0.0936739,0.0580517,34589.34,0.0273912,2431.014,0.6391107,0.37242076,0.2911083
Newport,OR,0.0426603,0.0112648,36263.56,0.0348028,3803.222,0.585839,-0.5731725,0.2373547
Yakima,WA,0.2352095,0.0688216,30403.06,0.0148305,2137.603,0.6216949,-0.70868074,0.377334
Kennewick,WA,0.1583405,0.0638673,34509.95,0.0181107,5441.653,0.6431634,-0.22027711,0.4217926
La Grande,OR,0.0156446,0.022092,31277,0.0251957,2001.67,0.5900301,0.5334047,0.3349567
Enterprise,OR,0.0040748,0.0019096,34762.17,0.016023,3575.315,0.607363,0.2026406,0.3736507
Bend,OR,0.1683031,0.0389343,37787.12,0.0293686,2573.624,0.6425363,0.32482092,0.2744891
Condon,OR,0.0171189,0.0035044,33476.24,0.0331037,3587.215,0.5994257,0.33568109,0.3443097
John Day,OR,0.0017528,0.0022852,32735.64,0.0129667,3429.008,0.6151875,0.20838731,0.3313169
Friday Harbor,WA,0.0098891,0.012479,58628.39,0.0182968,2971.101,0.5868703,2.7161381000000002,0.1714854
Bellingham,WA,0.0573263,0.0462469,35490.73,0.0212903,2614.846,0.6653471,0.0625475,0.2937104
Port Angeles,WA,0.1224573,0.0251375,39624.9,0.0153507,3201.318,0.5216017,0.47585673,0.2602069
Seattle,WA,0.1066874,0.0825916,44591.46,0.0210834,3023.716,0.6824178,-0.1247365,0.3230516
